tamainid;location_description;rdfeature;rdcharacter;rdclass;rdconfigur;rdsurface;rdcondition;lightcond;weather;trafcontrl;lat;lon;lon2;lat2;tract;zone;fatality;possblinj;numpassengers;numpedestrians;contrcir1_desc;contrcir2_desc;contrcir3_desc;contrcir4_desc;vehicle1;vehicle2;vehicle3;vehicle4;vehicle5;workarea;records;ta_date;ta_time;crash_date;geo_location;year;fatalities;injuries;month;contrfact1;contrfact2;contributing_factor;vehicleconcat1;vehicleconcat2;vehicleconcat3;vehicle_type
11536;.3 MILES FROM NW MAYNARD RD (SR 3073);RELATED TO INTERSECTION;"""STRAIGHT;LEVEL""";"""STATE SECONDARY ROUTE""";"""TWO-WAY;NOT DIVIDED""";SMOOTH ASPHALT;DRY;DAYLIGHT;CLEAR;NO CONTROL PRESENT;35.783470538;-78.8100362;-78.8058;35.7778;P065;114;0;0;2;;NONE;;NONE;;PASSENGER CAR;VAN;;;;NO;5001;2014-03-12;7:38:50 PM;2014-03-12 23:38:50+00:00;"35.783470538; -78.8100362";2014;No;No;3;NONE;NONE,NONE;"""NONE;NONE""";PASSENGER CAR,VAN;PASSENGER CAR,VAN;PASSENGER CAR,VAN;"""PASSENGER CAR;VAN"""
11540;200 FEET FROM CARPENTER TOWN LN;NO SPECIAL FEATURE;"""CURVE;GRADE""";"""LOCAL STREET""";"""TWO-WAY;NOT DIVIDED""";SMOOTH ASPHALT;DRY;DAYLIGHT;CLOUDY;NO CONTROL PRESENT;35.819639955;-78.85430789;-78.8547;35.8196;P069;121;0;0;;;NONE;;NONE;;PASSENGER CAR;;;;;NO;5005;2014-03-12;5:13:12 PM;2014-03-12 21:13:12+00:00;"35.819639955; -78.85430789";2014;No;No;3;NONE;NONE,NONE;"""NONE;NONE""";PASSENGER CAR;PASSENGER CAR;PASSENGER CAR;"""PASSENGER CAR"""
11547;150 FEET FROM NC HWY 55;NO SPECIAL FEATURE;"""STRAIGHT;LEVEL""";"""NC ROUTE""";"""TWO-WAY;DIVIDED;UNPROTECTED MEDIAN""";SMOOTH ASPHALT;DRY;DAYLIGHT;CLOUDY;NO CONTROL PRESENT;35.830667749;-78.87820464;78.8772;35.8296;P091;WAKE;0;0;2;;NONE;;NONE;;PICKUP;PASSENGER CAR;PASSENGER CAR;;;NO;5012;2014-03-12;7:13:19 AM;2014-03-12 11:13:19+00:00;"35.830667749; -78.87820464";2014;No;No;3;NONE;NONE,NONE;"""NONE;NONE""";PICKUP,PASSENGER CAR;PICKUP,PASSENGER CAR,PASSENGER CAR;PICKUP,PASSENGER CAR,PASSENGER CAR;"""PICKUP;PASSENGER CAR;PASSENGER CAR"""
11550;150 FEET FROM BRADFORD GREEN SQ;NO SPECIAL FEATURE;"""STRAIGHT;LEVEL""";"""LOCAL STREET""";"""TWO-WAY;DIVIDED;POSITIVE MEDIAN BARRIER""";SMOOTH ASPHALT;DRY;DAYLIGHT;CLEAR;STOP AND GO SIGNAL;35.794060761;-78.84665555;-78.847;35.794;P078;121;0;0;;;NONE;;FAILURE TO YIELD RIGHT OF WAY;;PASSENGER CAR;PICKUP;;;;CONSTRUCTION WORK AREA;5015;2014-03-13;2:54:08 PM;2014-03-13 18:54:08+00:00;"35.794060761; -78.84665555";2014;No;No;3;NONE;NONE,FAILURE TO YIELD RIGHT OF WAY;"""NONE;FAILURE TO YIELD RIGHT OF WAY""";PASSENGER CAR,PICKUP;PASSENGER CAR,PICKUP;PASSENGER CAR,PICKUP;"""PASSENGER CAR;PICKUP"""
11569;490 FEET FROM SHELDON DR;T-INTERSECTION;"""STRAIGHT;LEVEL""";"""LOCAL STREET""";"""TWO-WAY;DIVIDED;UNPROTECTED MEDIAN""";SMOOTH ASPHALT;DRY;DAYLIGHT;CLEAR;STOP SIGN;35.812910673;-78.80938144;-78.8084;35.8119;P022;111;0;0;;;;;NONE;;VAN;SPORT UTILITY;;;;NO;5034;2014-03-14;5:05:20 PM;2014-03-14 21:05:20+00:00;"35.812910673; -78.80938144";2014;No;No;3;;NONE;"""NONE""";VAN,SPORT UTILITY;VAN,SPORT UTILITY;VAN,SPORT UTILITY;"""VAN;SPORT UTILITY"""
11570;0.26 MILES FROM US 64 HWY;NO SPECIAL FEATURE;"""CURVE;HILLCREST""";"""STATE SECONDARY ROUTE""";"""ONE-WAY;NOT DIVIDED""";SMOOTH ASPHALT;DRY;DAYLIGHT;CLEAR;NO CONTROL PRESENT;35.737208891;-78.7908604;-78.7898;35.7365;P042;115;0;0;;;;;NONE;;PASSENGER CAR;PASSENGER CAR;;;;NO;5035;2014-03-14;4:36:19 PM;2014-03-14 20:36:19+00:00;"35.737208891; -78.7908604";2014;No;No;3;;NONE;"""NONE""";PASSENGER CAR,PASSENGER CAR;PASSENGER CAR,PASSENGER CAR;PASSENGER CAR,PASSENGER CAR;"""PASSENGER CAR;PASSENGER CAR"""
11576;.25 MILES FROM US 64 HWY;NO SPECIAL FEATURE;"""STRAIGHT;LEVEL""";"""US ROUTE""";"""ONE-WAY;NOT DIVIDED""";SMOOTH ASPHALT;DRY;DAYLIGHT;CLEAR;STOP AND GO SIGNAL;35.737933765;-78.79567471;-78.7953;35.738;P041;116;0;0;1;;;;NONE;;PASSENGER CAR;PASSENGER CAR;;;;NO;5041;2014-03-15;1:15:49 PM;2014-03-15 17:15:49+00:00;"35.737933765; -78.79567471";2014;No;No;3;;NONE;"""NONE""";PASSENGER CAR,PASSENGER CAR;PASSENGER CAR,PASSENGER CAR;PASSENGER CAR,PASSENGER CAR;"""PASSENGER CAR;PASSENGER CAR"""
11585;200 FEET FROM 1273 NW MAYNARD RD;DRIVEWAY, PUBLIC;"""STRAIGHT;LEVEL""";"""PUBLIC VEHICULAR AREA""";"""TWO-WAY;NOT DIVIDED""";SMOOTH ASPHALT;WET;DAYLIGHT;RAIN;NO CONTROL PRESENT;35.787785549;-78.80983684;;;P065;114;0;0;1;;NONE;;NONE;;PASSENGER CAR;SPORT UTILITY;;;;NO;5050;2014-03-16;4:43:40 PM;2014-03-16 20:43:40+00:00;"35.787785549; -78.80983684";2014;No;No;3;NONE;NONE,NONE;"""NONE;NONE""";PASSENGER CAR,SPORT UTILITY;PASSENGER CAR,SPORT UTILITY;PASSENGER CAR,SPORT UTILITY;"""PASSENGER CAR;SPORT UTILITY"""
11586;148 FEET FROM (SR 1300) KILDAIRE FARM RD;RELATED TO INTERSECTION;"""STRAIGHT;LEVEL""";"""STATE SECONDARY ROUTE""";"""TWO-WAY;DIVIDED;UNPROTECTED MEDIAN""";SMOOTH ASPHALT;DRY;DAYLIGHT;CLEAR;STOP AND GO SIGNAL;35.737730477;-78.7799197;-78.7793;35.7388;;;0;0;;;;;NONE;;VAN;;;;;NO;5051;2014-03-15;4:11:00 PM;2014-03-15 20:11:00+00:00;"35.737730477; -78.7799197";2014;No;No;3;;NONE;"""NONE""";VAN;VAN;VAN;"""VAN"""
